-- MySQL dump 10.13  Distrib 8.0.26, for macos11.3 (x86_64)
--
-- Host: 0.0.0.0    Database: Activity
-- ------------------------------------------------------
-- Server version	8.0.26

/*!40101 SET @OLD_CHARACTER_SET_CLIENT=@@CHARACTER_SET_CLIENT */;
/*!40101 SET @OLD_CHARACTER_SET_RESULTS=@@CHARACTER_SET_RESULTS */;
/*!40101 SET @OLD_COLLATION_CONNECTION=@@COLLATION_CONNECTION */;
/*!50503 SET NAMES utf8mb4 */;
/*!40103 SET @OLD_TIME_ZONE=@@TIME_ZONE */;
/*!40103 SET TIME_ZONE='+00:00' */;
/*!40014 SET @OLD_UNIQUE_CHECKS=@@UNIQUE_CHECKS, UNIQUE_CHECKS=0 */;
/*!40014 SET @OLD_FOREIGN_KEY_CHECKS=@@FOREIGN_KEY_CHECKS, FOREIGN_KEY_CHECKS=0 */;
/*!40101 SET @OLD_SQL_MODE=@@SQL_MODE, SQL_MODE='NO_AUTO_VALUE_ON_ZERO' */;
/*!40111 SET @OLD_SQL_NOTES=@@SQL_NOTES, SQL_NOTES=0 */;

--
-- Table structure for table `Categories`
--

DROP TABLE IF EXISTS `Categories`;
/*!40101 SET @saved_cs_client     = @@character_set_client */;
/*!50503 SET character_set_client = utf8mb4 */;
CREATE TABLE `Categories` (
  `id` int NOT NULL AUTO_INCREMENT,
  `categoryName` varchar(40) NOT NULL,
  PRIMARY KEY (`id`)
) ENGINE=InnoDB AUTO_INCREMENT=4 DEFAULT CHARSET=utf8mb4 COLLATE=utf8mb4_0900_ai_ci;
/*!40101 SET character_set_client = @saved_cs_client */;

--
-- Dumping data for table `Categories`
--

LOCK TABLES `Categories` WRITE;
/*!40000 ALTER TABLE `Categories` DISABLE KEYS */;
INSERT INTO `Categories` VALUES (1,'High Intensity'),(2,'Medium Intensity'),(3,'Low Intensity');
/*!40000 ALTER TABLE `Categories` ENABLE KEYS */;
UNLOCK TABLES;

--
-- Temporary view structure for view `dataframe`
--

DROP TABLE IF EXISTS `dataframe`;
/*!50001 DROP VIEW IF EXISTS `dataframe`*/;
SET @saved_cs_client     = @@character_set_client;
/*!50503 SET character_set_client = utf8mb4 */;
/*!50001 CREATE VIEW `dataframe` AS SELECT 
 1 AS `date`,
 1 AS `exercise`,
 1 AS `category`,
 1 AS `cadence`,
 1 AS `weights`,
 1 AS `weightUnit`,
 1 AS `comments`*/;
SET character_set_client = @saved_cs_client;

--
-- Table structure for table `Exercises`
--

DROP TABLE IF EXISTS `Exercises`;
/*!40101 SET @saved_cs_client     = @@character_set_client */;
/*!50503 SET character_set_client = utf8mb4 */;
CREATE TABLE `Exercises` (
  `id` int NOT NULL AUTO_INCREMENT,
  `exerciseName` varchar(50) NOT NULL,
  `description` text,
  PRIMARY KEY (`id`)
) ENGINE=InnoDB AUTO_INCREMENT=123 DEFAULT CHARSET=utf8mb4 COLLATE=utf8mb4_0900_ai_ci;
/*!40101 SET character_set_client = @saved_cs_client */;

--
-- Dumping data for table `Exercises`
--

LOCK TABLES `Exercises` WRITE;
/*!40000 ALTER TABLE `Exercises` DISABLE KEYS */;
INSERT INTO `Exercises` VALUES (85,'Bulgarian Split Squat',''),(86,'Overhead BB Press',''),(87,'Pendlay Row',''),(88,'SL KB RDL',''),(89,'Deadlift',''),(90,'Zercher Sq',''),(91,'Kneeling Landmine Pr',''),(92,'SA Bench Row',''),(93,'Farmers Carry',''),(94,'Bench Press',''),(95,'Front Squat',''),(96,'EZ Bicep Curl',''),(97,'SA Farmer Carry',''),(98,'Rear Squat',''),(99,'Power Clean',''),(100,'Rear Deltoid',''),(101,'Hanging Leg Raise',''),(102,'Sumo Deadlift',''),(103,'Pull Up',''),(104,'Dips',''),(105,'Weighted Step Up',''),(106,'Ladder - Clean/Press','This is performed by doing 1 clean, followed by doing the specified press (string, push or snatch)'),(107,'Two Hand KB Swing',''),(108,'Ladder -- Goblet Squat',''),(109,'Floor Press',''),(110,'Trap Shrug',NULL),(111,'Front Row',NULL),(112,'BB Rear Delt Raise',NULL),(113,'EZ Bar Pullover',NULL),(114,'Turkish Get Up',''),(115,'Kneeling B/U KB Press',NULL),(116,'Standing Calf Raise',NULL),(117,'Knee Raise',NULL),(118,'Calf Raise',NULL),(119,'Landmine Rotations',NULL),(120,'Plyo Air Squat',''),(121,'Lat Pulldown',NULL),(122,'Chin Up',NULL);
/*!40000 ALTER TABLE `Exercises` ENABLE KEYS */;
UNLOCK TABLES;

--
-- Table structure for table `Factors`
--

DROP TABLE IF EXISTS `Factors`;
/*!40101 SET @saved_cs_client     = @@character_set_client */;
/*!50503 SET character_set_client = utf8mb4 */;
CREATE TABLE `Factors` (
  `reps` int NOT NULL,
  `factor` decimal(3,2) NOT NULL,
  PRIMARY KEY (`reps`)
) ENGINE=InnoDB DEFAULT CHARSET=utf8mb4 COLLATE=utf8mb4_0900_ai_ci;
/*!40101 SET character_set_client = @saved_cs_client */;

--
-- Dumping data for table `Factors`
--

LOCK TABLES `Factors` WRITE;
/*!40000 ALTER TABLE `Factors` DISABLE KEYS */;
INSERT INTO `Factors` VALUES (0,0.00),(1,1.00),(2,0.95),(3,0.93),(4,0.90),(5,0.87),(6,0.85),(7,0.83),(8,0.80),(9,0.77),(10,0.75),(12,0.67),(15,0.65);
/*!40000 ALTER TABLE `Factors` ENABLE KEYS */;
UNLOCK TABLES;

--
-- Table structure for table `WeightLifting`
--

DROP TABLE IF EXISTS `WeightLifting`;
/*!40101 SET @saved_cs_client     = @@character_set_client */;
/*!50503 SET character_set_client = utf8mb4 */;
CREATE TABLE `WeightLifting` (
  `Id` int NOT NULL AUTO_INCREMENT,
  `date` datetime NOT NULL,
  `exerciseId` int NOT NULL,
  `categoryId` int NOT NULL,
  `cadence` varchar(40) NOT NULL,
  `weights` varchar(50) NOT NULL,
  `weightUnit` char(3) DEFAULT 'lb',
  `comments` varchar(255) DEFAULT NULL,
  PRIMARY KEY (`Id`),
  KEY `fk_weightLifting_exercise` (`exerciseId`),
  KEY `fk_weightLifting_category` (`categoryId`),
  CONSTRAINT `weightlifting_ibfk_1` FOREIGN KEY (`exerciseId`) REFERENCES `Exercises` (`id`),
  CONSTRAINT `weightlifting_ibfk_2` FOREIGN KEY (`categoryId`) REFERENCES `Categories` (`id`)
) ENGINE=InnoDB AUTO_INCREMENT=480 DEFAULT CHARSET=utf8mb4 COLLATE=utf8mb4_0900_ai_ci;
/*!40101 SET character_set_client = @saved_cs_client */;

--
-- Dumping data for table `WeightLifting`
--

LOCK TABLES `WeightLifting` WRITE;
/*!40000 ALTER TABLE `WeightLifting` DISABLE KEYS */;
INSERT INTO `WeightLifting` VALUES (267,'2021-07-28 10:00:00',102,1,'1x(1,3,4,1,3,4,2,4)','225,225,225,235,235,245,255,255','lb',''),(268,'2021-07-28 10:00:00',103,1,'1x(1,3,4,1,3,4,2,4)','Red/Blue','--',''),(269,'2021-07-28 10:00:00',104,2,'1x(3,4,7,3,5,7)','Body Weight','--',''),(270,'2021-07-28 10:00:00',105,3,'1x(4,6,10,4,6,10,4,6)','45,55,65,65,65,65,65,65','lb',''),(271,'2021-07-29 10:00:00',106,2,'4x(1-->3)','14','kg','superset w/swing'),(272,'2021-07-29 10:00:00',107,2,'4x(30,)','20','kg','superset with clean/press'),(273,'2021-07-29 10:00:00',108,3,'1x(10-->1)','','--','superset with back crawl'),(274,'2021-08-02 10:00:00',98,1,'1x(1,3,4,1,3,3)','185','lb',''),(275,'2021-08-02 10:00:00',109,2,'1x(4,5,7,4,5,7,4,5,7)','135,145,145,145,145,135,135,135,135','lb',''),(276,'2021-08-02 10:00:00',88,3,'1x(4,7,10,4,7,10,4,7,10)','28','kg',''),(277,'2021-08-02 10:00:00',101,3,'1x(4,7,10,4,7,10,4,7,10)','Body Weight','--',''),(278,'2021-06-08 10:00:00',85,1,'1x(6,5,4,3,3)','45,45,50,60,65','lb',''),(279,'2021-06-08 10:00:00',86,2,'1x(3,4,7,4)','60,65,65,65','lb',''),(280,'2021-06-08 10:00:00',87,3,'1x(4,6,10,6)','95,100,135,135','lb',''),(281,'2021-06-08 10:00:00',88,3,'1x(4,6,10,6)','20,20,20,20','kg',''),(282,'2021-06-10 10:00:00',86,1,'1x(6,5,4,3,3)','75,95,100,105,105','lb',''),(283,'2021-06-10 10:00:00',87,1,'1x(6,5,4,3,3)','135,145,155,165,170','lb',''),(284,'2021-06-10 10:00:00',89,2,'1x(3,4,7,4)','135,155,185,205','lb',''),(285,'2021-06-10 10:00:00',90,3,'1x(4,6,10,6)','95,95,95,95','lb',''),(286,'2021-06-11 10:00:00',89,1,'1x(6,5,4,3,3)','185,225,250,270,275','lb',''),(287,'2021-06-11 10:00:00',85,2,'1x(3,4,7,4)','55,55,55,55','lb',''),(288,'2021-06-11 10:00:00',91,3,'1x(4,6,10,6)','10,10,10,10','lb',''),(289,'2021-06-11 10:00:00',92,3,'1x(4,6,10,6)','22,22,22,22','kg',''),(290,'2021-06-15 10:00:00',85,1,'1x(1,3,1,1,1)','60,60,60,70,70','lb',''),(291,'2021-06-15 10:00:00',93,1,'1x(1,1)','28,28','kg',''),(292,'2021-06-15 10:00:00',86,2,'1x(3,4,7,3,4,6)','95,95,95,95,95,95','lb',''),(293,'2021-06-15 10:00:00',87,2,'1x(3,4,7,3,4,6)','155,155,155,155,155,155','lb',''),(294,'2021-06-15 10:00:00',88,3,'1x(4,6,10,4,6,10,4,6)','22,22,22,22,22,22,22,22','kg',''),(295,'2021-06-17 10:00:00',87,1,'1x(1,3,1,1,1)','155,160,160,175,185','lb',''),(296,'2021-06-17 10:00:00',86,1,'1x(1,3,1,1,1)','100,105,110,110,110','lb',''),(297,'2021-06-17 10:00:00',89,2,'1x(3,4,7,3,4,6)','225,225,225,225,225,225','lb',''),(298,'2021-06-17 10:00:00',90,3,'1x(4,6,10,4,7,10,4,6)','100,100,100,100,100,100,100,100','lb',''),(299,'2021-06-18 10:00:00',89,1,'1x(1,3,1,1)','225,245,245,280','lb',''),(300,'2021-06-18 10:00:00',85,2,'1x(3,4,7,3,4,6)','60,60,60,60,60,60','lb',''),(301,'2021-06-18 10:00:00',91,3,'1x(4,6,10,4,7,10,4,6)','20,20,20,20,10,10,10,10','lb',''),(302,'2021-06-24 10:00:00',86,1,'1x(1,3,3,1,2)','95,105,105,115,115','lb',''),(303,'2021-06-24 10:00:00',87,1,'1x(1,3,3,1,2)','155,155,185,188,185','lb',''),(304,'2021-06-24 10:00:00',89,2,'1x(3,5)','225','lb',''),(305,'2021-06-24 10:00:00',90,3,'1x(4,6,10,7)','105','lb',''),(306,'2021-06-25 10:00:00',89,1,'1x(1,3,3,1,2)','225,255,255,280,20','lb',''),(307,'2021-06-25 10:00:00',85,2,'1x(3,5)','65','lb',''),(308,'2021-06-25 10:00:00',91,3,'1x(4,6,10,7)','15','lb',''),(309,'2021-06-25 10:00:00',92,3,'1x(4,6,10,7)','28','kg',''),(310,'2021-06-27 10:00:00',85,1,'1x(1,3,3,1,2)','60,65,75,85,85','lb',''),(311,'2021-06-27 10:00:00',94,2,'1x(3,5)','155,160','lb',''),(312,'2021-06-27 10:00:00',95,2,'1x(3,5)','120,125','lb',''),(313,'2021-06-27 10:00:00',88,3,'1x(4,6,10,7)','28,28,28,32','kg',''),(314,'2021-06-27 10:00:00',96,3,'1x(4,6,10,7)','55','lb',''),(315,'2021-06-29 10:00:00',85,1,'1x(1,2,1)','85,95,105','lb',''),(316,'2021-06-29 10:00:00',97,1,'1x(1,2,1)','40','kg',''),(317,'2021-06-29 10:00:00',87,2,'1x(3,4,7,3,4,7,3,7)','135','lb',''),(318,'2021-06-29 10:00:00',86,2,'1x(3,4,7,3,4,7,3,7)','85,85,85,85,85,80,80,80','lb',''),(319,'2021-06-29 10:00:00',88,3,'1x(4,7,10,4,7,10,4,7,10)','22','kg',''),(320,'2021-07-01 10:00:00',86,1,'1x(1,2,1)','100,105,115','lb',''),(321,'2021-07-01 10:00:00',87,1,'1x(1,2,1)','135,150,185','lb',''),(322,'2021-07-01 10:00:00',89,2,'1x(3,4,7,3,4,7,3,7)','225','lb',''),(323,'2021-07-01 10:00:00',90,3,'1x(4,7,10,4,7,10,4,7,10)','100','lb',''),(324,'2021-07-02 10:00:00',89,1,'1x(1,2,2)','240,260,285','lb',''),(325,'2021-07-02 10:00:00',85,2,'1x(3,4,7,3,4,7,3,7)','75','lb',''),(326,'2021-07-02 10:00:00',91,3,'1x(4,7,10,4,7,10,4,7,10)','10','lb',''),(327,'2021-07-02 10:00:00',92,3,'1x(4,7,10,4,7,10,4,7,10)','28','kg',''),(328,'2021-07-06 10:00:00',85,1,'1x(1,3,2,1,2)','100,105,105,110,110','lb',''),(329,'2021-07-06 10:00:00',87,2,'1x(3,4,7,6)','150','lb',''),(330,'2021-07-06 10:00:00',86,2,'1x(3,4,7,6)','95,95,85,85','lb',''),(331,'2021-07-06 10:00:00',88,3,'1x(4,6,10,4,6,10)','24','kg',''),(332,'2021-07-08 10:00:00',86,1,'1x(1,3,2,1,2)','95,105,105,115,115','lb',''),(333,'2021-07-08 10:00:00',93,1,'1x(1,1,1,1)','28','kg',''),(334,'2021-07-08 10:00:00',89,2,'1x(3,4,7,3)','255,255,245,245','lb',''),(335,'2021-07-08 10:00:00',90,3,'1x(4,6,10,4,6,10)','105','lb',''),(336,'2021-07-09 10:00:00',89,1,'1x(1,3,2,1,2)','225,255,265,290,290','lb',''),(337,'2021-07-09 10:00:00',85,2,'1x(3,4,7,3)','80','lb',''),(338,'2021-07-09 10:00:00',91,3,'1x(4,6,10,4,6,10)','12.5','lb',''),(339,'2021-07-09 10:00:00',88,3,'1x(4,6,10,4,6,10)','32','kg',''),(340,'2021-07-13 10:00:00',85,1,'1x(1,3,1,2,3)','85,95,115,125,125','lb',''),(341,'2021-07-13 10:00:00',87,2,'1x(3,4,7,3,4,6)','170','lb',''),(342,'2021-07-13 10:00:00',86,2,'1x(3,4,7,3,4,6)','95','lb',''),(343,'2021-07-13 10:00:00',88,3,'1x(4,6,10,4,6,10,4,6,10)','26','kg',''),(344,'2021-07-14 10:00:00',89,1,'1x(4,3,3,3,3)','185,225,255,275,300','lb',''),(345,'2021-07-14 10:00:00',86,1,'1x(4,3,3,3,3)','70,80,95,110,120','lb',''),(346,'2021-07-14 10:00:00',87,1,'1x(4,3,3,3,3)','135,165,185,190,200','lb',''),(347,'2021-07-25 10:00:00',94,1,'1x(1,3,3,1,2)','135,145,155,165,170','lb',''),(348,'2021-07-25 10:00:00',98,1,'1x(1,3,3,1,2)','‘155,165,175,190,200','lb',''),(349,'2021-07-25 10:00:00',99,2,'1x(3,4,7,4)','95','lb',''),(350,'2021-07-25 10:00:00',100,3,'1x(4,6,10,6)','2.5','lb',''),(351,'2021-07-26 10:00:00',98,1,'1x(1,3,4,1,3,4,2,4)','185','lb',''),(352,'2021-07-26 10:00:00',94,2,'1x(3,4,7,2,5,7)','145,145,145,145,145,135','lb',''),(353,'2021-07-26 10:00:00',88,3,'1x(4,6,10,4,6,10,4,6)','24','kg',''),(354,'2021-07-26 10:00:00',101,3,'1x(4,6,10,4,6,10,4,6)','0','BW',''),(394,'2021-06-18 10:00:00',92,3,'1x(4,6,10,4,6,10,4,6)','24','kg',NULL),(395,'2021-07-08 10:00:00',87,1,'1x(1,3,2,1,2)','135,165,165,185,185','lb',NULL),(396,'2021-07-25 10:00:00',110,3,'1x(4,6,10,6)','40','lb',NULL),(397,'2021-07-25 10:00:00',111,3,'1x(4,6,10,6)','55','lb',NULL),(398,'2021-08-01 14:00:00',98,1,'1x(1,3,4,2,3,4,2,1,2)','135,145,145,165,165,185,185,200,200','lb',NULL),(399,'2021-08-01 14:00:00',102,2,'1x(3,4,7,3,5,7)','235','lb',NULL),(400,'2021-08-01 14:00:00',103,2,'1x(3,4,7,3,5,7)','red/blue','--',NULL),(401,'2021-08-01 14:00:00',94,3,'1x(4,6,10,4,6,10,4,6)','135','lb',NULL),(402,'2021-08-01 14:00:00',93,3,'1x(4,6,10,4,6,10,4,6)','24','kg',NULL),(403,'2021-08-01 14:00:00',110,3,'1x(4,6,10,4,6,10,4,6)','90','lb',NULL),(404,'2021-08-03 10:00:00',106,2,'2x(1-->5)','14-16','kg',NULL),(405,'2021-08-03 21:00:00',112,2,'1x(4,5,7,4,5,7,4,5,7)','65,65,65,65,65,65,85,85','lb',NULL),(406,'2021-08-03 21:00:00',110,1,'1x(1,3,4,2,3,4,1,2)','90,90,90,100,100,100,130,130','lb',NULL),(407,'2021-08-03 21:00:00',113,3,'1x(4,6,10,4,6,10,4,6)','35','lb',NULL),(410,'2021-08-05 10:00:00',102,1,'6x(1,)','225,240,250,260,260,260','lb',''),(411,'2021-08-05 10:00:00',103,1,'1x(1,3,4,1,3,3)','B,B,B,B,B,RB','--',''),(412,'2021-08-05 10:00:00',104,2,'3x(4,5,7)','BW','--',''),(413,'2021-08-05 10:00:00',105,3,'3x(4,7,10)','65','ln','4 plate lift'),(417,'2021-08-06 10:00:00',106,2,'5x(1-->3)','24','kg','superset with swing\"\n\"2021-08-06 10:00:00'),(418,'2021-08-06 10:00:00',114,2,'6x(1,)','14,14,14,14,12,12','kg','8 Min drill'),(421,'2021-08-06 10:00:00',107,2,'5x(30,)','24','kg','super set 10 after each rung of ladder'),(422,'2021-08-06 21:00:00',98,1,'1x(1,3,4,1,3,3)','185,185,195,195,205,210','lb',''),(423,'2021-08-06 21:00:00',102,2,'1x(3,4,7,3,5,7)','225','lb',''),(424,'2021-08-06 21:00:00',103,2,'1x(3,4,7,3,5,7)','Red/Blue','--',''),(425,'2021-08-06 21:00:00',94,3,'3x(4,6,10)','140','lb',''),(426,'2021-08-06 21:00:00',93,3,'9x(1,)','32','kg',''),(427,'2021-08-06 21:00:00',110,3,'3x(4,6,10)','130','lb',''),(428,'2021-08-08 14:00:00',102,1,'(1,3,4,1,3,3)','225,225,245,255,265,275','lb',''),(429,'2021-08-08 14:00:00',110,2,'(3,4,7,3,5,7)','130','lb',''),(430,'2021-08-08 14:00:00',113,2,'(3,4,7,3,5,7)','40','lb',''),(431,'2021-08-08 14:00:00',105,3,'2x(4,6,10)','110','lb',''),(435,'2021-08-08 14:00:00',112,3,'2x(4,6,10)','70','lb',''),(436,'2021-08-09 10:00:00',98,1,'(1,3,4,1,3)','185,185,205,210,215','lb',''),(437,'2021-08-09 10:00:00',115,1,'5x(5,)','8,8,12,12,12','kg',''),(438,'2021-08-09 10:00:00',94,2,'(3,4,7,3,5)','145','lb',''),(439,'2021-08-09 10:00:00',116,2,'(3,4,7,3,5)','12','kg',''),(440,'2021-08-09 10:00:00',88,3,'2x(4,6,10)','32','kg',''),(441,'2021-08-09 10:00:00',117,3,'2x(4,6,10)','BW','--',''),(443,'2021-08-10 10:00:00',106,2,'3x(1-->4)','16','kg',''),(444,'2021-08-10 10:00:00',103,2,'3x(1-->4)\'','3x(R,B,B,RB)','--',''),(445,'2021-08-11 21:00:00',94,1,'1x(1,3,4,1,3,1)','145,155,155,165,175,185','lb',''),(446,'2021-08-11 21:00:00',118,1,'1x(1,3,4,1,3)','16','kg',''),(447,'2021-08-11 21:00:00',112,2,'1x(3,4,7,3,5)','115','lb',''),(448,'2021-08-11 21:00:00',99,2,'1x(3,4,3,3,3)','75,75,95,95,95','lb',''),(449,'2021-08-11 21:00:00',90,2,'1x(3,4,7,3,5)','115','lb',''),(452,'2021-08-12 10:00:00',103,1,'1x(1,3,4,1,3)','B,R,R,B,RB','--',''),(453,'2021-08-12 10:00:00',104,2,'1x(3,4,7)','5','lb','ran out of time'),(454,'2021-08-12 10:00:00',119,2,'1x(5,)','5','lb','ran out of time'),(455,'2021-08-12 10:00:00',105,3,'2x(4,6,10)','115,95,95,95,95,95','lb',''),(459,'2021-08-12 10:00:00',102,1,'1x(1,3,4,1,3)','225,235,255,275,280','lb',''),(460,'2021-08-13 10:00:00',114,2,'5x(1,)','12','kg','8 min drill'),(461,'2021-08-13 10:00:00',106,2,'4x(1-->4)','16','kg',''),(462,'2021-08-13 10:00:00',107,2,'4x(40,)','24','kg','superset ladder'),(463,'2021-08-13 10:00:00',120,3,'1x(10-->1)','BW','--',''),(467,'2021-08-15 14:00:00',94,1,'(3,4,4,1,2,1)','135,145,160,170,175,180','lb',''),(468,'2021-08-15 14:00:00',95,2,'(3,4,7,3,4)','85,100,100,100,100','lb',''),(469,'2021-08-15 14:00:00',116,2,'(3,4,7,3,4)','32,28,28,28,28','kg',''),(470,'2021-08-16 10:00:00',98,1,'2x(1,3,4)+1x(2,4)','155,155,155,170,170,170,185,185','lb',''),(471,'2021-08-16 10:00:00',94,2,'1x(3,4,7,3,4,6)','150','lb',''),(472,'2021-08-16 10:00:00',88,3,'2x(4,6,10)+1x(4,6)','20','kg','For form'),(473,'2021-08-16 10:00:00',117,3,'2x(4,6,10)+1x(4,6)','BW','--',''),(474,'2021-08-16 21:00:00',110,2,'3x(4,6,10)','130','lb',''),(475,'2021-08-16 21:00:00',121,2,'3x(4,6,10)','50','K',''),(477,'2021-08-16 21:00:00',112,2,'3x(4,6,10)','115','lb',''),(478,'2021-08-17 10:00:00',106,2,'4x(1-->3}','14,18,18,20','kg',''),(479,'2021-08-17 10:00:00',122,2,'4x(1-->3}','RB,B,B,R','--','');
/*!40000 ALTER TABLE `WeightLifting` ENABLE KEYS */;
UNLOCK TABLES;

--
-- Final view structure for view `dataframe`
--

/*!50001 DROP VIEW IF EXISTS `dataframe`*/;
/*!50001 SET @saved_cs_client          = @@character_set_client */;
/*!50001 SET @saved_cs_results         = @@character_set_results */;
/*!50001 SET @saved_col_connection     = @@collation_connection */;
/*!50001 SET character_set_client      = utf8mb4 */;
/*!50001 SET character_set_results     = utf8mb4 */;
/*!50001 SET collation_connection      = utf8mb4_general_ci */;
/*!50001 CREATE ALGORITHM=UNDEFINED */
/*!50013 DEFINER=`root`@`%` SQL SECURITY DEFINER */
/*!50001 VIEW `dataframe` (`date`,`exercise`,`category`,`cadence`,`weights`,`weightUnit`,`comments`) AS select `w`.`date` AS `date`,`e`.`exerciseName` AS `exerciseName`,`c`.`categoryName` AS `categoryName`,`w`.`cadence` AS `cadence`,`w`.`weights` AS `weights`,`w`.`weightUnit` AS `weightUnit`,`w`.`comments` AS `comments` from ((`weightlifting` `w` join `categories` `c` on((`c`.`id` = `w`.`categoryId`))) join `exercises` `e` on((`e`.`id` = `w`.`exerciseId`))) order by `w`.`date`,`w`.`categoryId` */;
/*!50001 SET character_set_client      = @saved_cs_client */;
/*!50001 SET character_set_results     = @saved_cs_results */;
/*!50001 SET collation_connection      = @saved_col_connection */;
/*!40103 SET TIME_ZONE=@OLD_TIME_ZONE */;

/*!40101 SET SQL_MODE=@OLD_SQL_MODE */;
/*!40014 SET FOREIGN_KEY_CHECKS=@OLD_FOREIGN_KEY_CHECKS */;
/*!40014 SET UNIQUE_CHECKS=@OLD_UNIQUE_CHECKS */;
/*!40101 SET CHARACTER_SET_CLIENT=@OLD_CHARACTER_SET_CLIENT */;
/*!40101 SET CHARACTER_SET_RESULTS=@OLD_CHARACTER_SET_RESULTS */;
/*!40101 SET COLLATION_CONNECTION=@OLD_COLLATION_CONNECTION */;
/*!40111 SET SQL_NOTES=@OLD_SQL_NOTES */;

-- Dump completed on 2021-08-20 11:48:29
